{
    "title": "vrm.secondaryanimation.collidergroup",
    "type": "object",
    "properties": {
        "node": {
            "description": "The node of the collider group for setting up collision detections.",
            "type": "integer"
        },
        "colliders": {
            "type": "array",
            "items": {
                "type": "object",
                "properties": {
                    "offset": {
                        "description": "The local coordinate from the node of the collider group in *left-handed* Y-up coordinate.",
                        "type": "object",
                        "properties": {
                            "x": {
                                "type": "number"
                            },
                            "y": {
                                "type": "number"
                            },
                            "z": {
                                "type": "number"
                            }
                        }
                    },
                    "radius": {
                        "description": "The radius of the collider.",
                        "type": "number"
                    }
                }
            }
        }
    }
}