{
    "title": "vrm.firstperson.degreemap",
    "description": "Eye controller setting.",
    "type": "object",
    "properties": {
        "curve": {
            "description": "None linear mapping params. time, value, inTangent, outTangent",
            "type": "array",
            "items": {
                "type": "number"
            }
        },
        "xRange": {
            "description": "Look at input clamp range degree.",
            "type": "number"
        },
        "yRange": {
            "description": "Look at map range degree from xRange.",
            "type": "number"
        }
    }
}