{
    "title": "vrm.meta",
    "type": "object",
    "properties": {
        "title": {
            "description": "Title of VRM model",
            "type": "string"
        },
        "version": {
            "description": "Version of VRM model",
            "type": "string"
        },
        "author": {
            "description": "Author of VRM model",
            "type": "string"
        },
        "contactInformation": {
            "description": "Contact Information of VRM model author",
            "type": "string"
        },
        "reference": {
            "description": "Reference of VRM model",
            "type": "string"
        },
        "texture": {
            "description": "Thumbnail of VRM model",
            "type": "integer"
        },
        "allowedUserName": {
            "description": "A person who can perform with this avatar",
            "type": "string",
            "enum": ["OnlyAuthor","ExplicitlyLicensedPerson","Everyone"]
        },
        "violentUssageName": {
            "description": "Permission to perform violent acts with this avatar",
            "type": "string",
            "enum": ["Disallow","Allow"]
        },
        "sexualUssageName": {
            "description": "Permission to perform sexual acts with this avatar",
            "type": "string",
            "enum": ["Disallow","Allow"]
        },
        "commercialUssageName": {
            "description": "For commercial use",
            "type": "string",
            "enum": ["Disallow","Allow"]
        },
        "otherPermissionUrl": {
            "description": "If there are any conditions not mentioned above, put the URL link of the license document here.",
            "type": "string"
        },
        "licenseName": {
            "description": "License type",
            "type": "string",
            "enum": ["Redistribution_Prohibited","CC0","CC_BY","CC_BY_NC","CC_BY_SA","CC_BY_NC_SA","CC_BY_ND","CC_BY_NC_ND","Other"]
        },
        "otherLicenseUrl": {
            "description": "If “Other” is selected, put the URL link of the license document here.",
            "type": "string"
        }
    }
}