{
    "title": "vrm.secondaryanimation",
    "description": "The setting of automatic animation of string-like objects such as tails and hairs.",
    "type": "object",
    "properties": {
        "boneGroups": {
            "type": "array",
            "items": {
                "$ref": "vrm.secondaryanimation.spring.schema.json"
            }
        },
        "colliderGroups": {
            "type": "array",
            "items": {
                "$ref": "vrm.secondaryanimation.collidergroup.schema.json"
            }
        }
    }
}